,oa,aa,kappa,Tr
0,99.96727,99.95347,99.95664,0.5
